{"cameraMode":{"drawMode":0,"name":"Shaded","section":"Shading Mode"},"sceneLighting":true,"audioPlay":false,"sceneViewState":{"showFog":true,"showMaterialUpdate":false,"showSkybox":true,"showFlares":true,"showImageEffects":true,"showParticleSystems":true,"showVisualEffectGraphs":true,"m_FxEnabled":true},"in2DMode":false,"pivot":{"x":-13.216192245483399,"y":4.106697082519531,"z":11.130784034729004},"rotation":{"x":0.01734103634953499,"y":0.9712501764297485,"z":-0.22536374628543855,"w":0.07473547756671906},"size":729.8618774414063,"orthographic":false}